{"info":{"year":"2024","version":"1","description":"Exported from roboflow.com","contributor":"","url":"https://public.roboflow.com/object-detection/undefined","date_created":"2024-07-01T14:50:09+00:00"},"licenses":[{"id":1,"url":"https://creativecommons.org/licenses/by/4.0/","name":"CC BY 4.0"}],"categories":[{"id":0,"name":"Potholes","supercategory":"none"},{"id":1,"name":"Potholes","supercategory":"Potholes"}],"images":[{"id":0,"license":1,"file_name":"p1_jpeg.rf.84d1620a14e657a3dc83876c61c960f9.jpg","height":640,"width":640,"date_captured":"2024-07-01T14:50:09+00:00"},{"id":1,"license":1,"file_name":"p7_jpeg.rf.c2afd34a2e57bd4ce458d611c3d921dc.jpg","height":640,"width":640,"date_captured":"2024-07-01T14:50:09+00:00"},{"id":2,"license":1,"file_name":"p10_jpeg.rf.19f154a8f227183b5a95c39976b2d6ee.jpg","height":640,"width":640,"date_captured":"2024-07-01T14:50:09+00:00"},{"id":3,"license":1,"file_name":"p3_jpeg.rf.8c59a60afed70507d11fecec393b4042.jpg","height":640,"width":640,"date_captured":"2024-07-01T14:50:09+00:00"},{"id":4,"license":1,"file_name":"p14_jpeg.rf.488a04341de5a7c186e287220903bd3d.jpg","height":640,"width":640,"date_captured":"2024-07-01T14:50:09+00:00"},{"id":5,"license":1,"file_name":"p13_jpeg.rf.ec808a77a54684002509e2083ca5fd9e.jpg","height":640,"width":640,"date_captured":"2024-07-01T14:50:09+00:00"},{"id":6,"license":1,"file_name":"p18_jpeg.rf.94ef680f9bd62d7c948732fde254d7fc.jpg","height":640,"width":640,"date_captured":"2024-07-01T14:50:09+00:00"},{"id":7,"license":1,"file_name":"p17_jpeg.rf.ac38f138d46919b532cfe4c48ee8bdf5.jpg","height":640,"width":640,"date_captured":"2024-07-01T14:50:09+00:00"},{"id":8,"license":1,"file_name":"p21_jpeg.rf.0b93552299bcac45fdffad05a11cb15a.jpg","height":640,"width":640,"date_captured":"2024-07-01T14:50:09+00:00"},{"id":9,"license":1,"file_name":"p24_jpeg.rf.4c9f5775cd31c2be87019f99f1a39ea0.jpg","height":640,"width":640,"date_captured":"2024-07-01T14:50:09+00:00"},{"id":10,"license":1,"file_name":"p4_jpeg.rf.0ec47954b07ac7ce05761c23f784cf25.jpg","height":640,"width":640,"date_captured":"2024-07-01T14:50:09+00:00"},{"id":11,"license":1,"file_name":"p25_jpeg.rf.9c2f8a57ac4093db4c1b51d2188016c8.jpg","height":640,"width":640,"date_captured":"2024-07-01T14:50:09+00:00"},{"id":12,"license":1,"file_name":"p26_jpeg.rf.f1643ff3ed28f21052ebd2eda5f32c22.jpg","height":640,"width":640,"date_captured":"2024-07-01T14:50:09+00:00"},{"id":13,"license":1,"file_name":"p6_jpeg.rf.f72f8c7d6de01d953d4b317cb724c0a2.jpg","height":640,"width":640,"date_captured":"2024-07-01T14:50:09+00:00"},{"id":14,"license":1,"file_name":"p11_jpeg.rf.1c02539b995d73154b0e09250f34853f.jpg","height":640,"width":640,"date_captured":"2024-07-01T14:50:09+00:00"},{"id":15,"license":1,"file_name":"p15_jpeg.rf.95db57776428f0b01b8a92edda6384d2.jpg","height":640,"width":640,"date_captured":"2024-07-01T14:50:09+00:00"},{"id":16,"license":1,"file_name":"p16_jpeg.rf.6617712470710654ca3030b0ec1893e3.jpg","height":640,"width":640,"date_captured":"2024-07-01T14:50:09+00:00"},{"id":17,"license":1,"file_name":"p23_jpeg.rf.a97cc7065b7caf0f393617a0eddab205.jpg","height":640,"width":640,"date_captured":"2024-07-01T14:50:09+00:00"},{"id":18,"license":1,"file_name":"p22_jpeg.rf.b429ff14b6824c0c06495975097c2554.jpg","height":640,"width":640,"date_captured":"2024-07-01T14:50:09+00:00"}],"annotations":[{"id":0,"image_id":0,"category_id":1,"bbox":[246,237,125,74.5],"area":9312.5,"segmentation":[],"iscrowd":0},{"id":1,"image_id":1,"category_id":1,"bbox":[241,277,313.5,276.5],"area":86682.75,"segmentation":[],"iscrowd":0},{"id":2,"image_id":2,"category_id":1,"bbox":[228,266,376.5,189.5],"area":71346.75,"segmentation":[],"iscrowd":0},{"id":3,"image_id":3,"category_id":1,"bbox":[196,225,187.5,174.5],"area":32718.75,"segmentation":[],"iscrowd":0},{"id":4,"image_id":4,"category_id":1,"bbox":[258,290,233,195],"area":45435,"segmentation":[],"iscrowd":0},{"id":5,"image_id":5,"category_id":1,"bbox":[219,271,220.5,213.5],"area":47076.75,"segmentation":[],"iscrowd":0},{"id":6,"image_id":6,"category_id":1,"bbox":[192,147,440.5,318],"area":140079,"segmentation":[],"iscrowd":0},{"id":7,"image_id":7,"category_id":1,"bbox":[178,223,278,181],"area":50318,"segmentation":[],"iscrowd":0},{"id":8,"image_id":8,"category_id":1,"bbox":[251,353,371.5,103.5],"area":38450.25,"segmentation":[],"iscrowd":0},{"id":9,"image_id":9,"category_id":1,"bbox":[8,240,428,285.5],"area":122194,"segmentation":[],"iscrowd":0},{"id":10,"image_id":10,"category_id":1,"bbox":[243,228,164,165],"area":27060,"segmentation":[],"iscrowd":0},{"id":11,"image_id":11,"category_id":1,"bbox":[441,523,195.5,68.5],"area":13391.75,"segmentation":[],"iscrowd":0},{"id":12,"image_id":11,"category_id":1,"bbox":[581,434,57.5,56.5],"area":3248.75,"segmentation":[],"iscrowd":0},{"id":13,"image_id":12,"category_id":1,"bbox":[186,344,235,46.5],"area":10927.5,"segmentation":[],"iscrowd":0},{"id":14,"image_id":13,"category_id":1,"bbox":[223,210,336,243],"area":81648,"segmentation":[],"iscrowd":0},{"id":15,"image_id":14,"category_id":1,"bbox":[189,233,248,162.5],"area":40300,"segmentation":[],"iscrowd":0},{"id":16,"image_id":15,"category_id":1,"bbox":[173,318,333,215],"area":71595,"segmentation":[],"iscrowd":0},{"id":17,"image_id":15,"category_id":1,"bbox":[442,113,117,103.5],"area":12109.5,"segmentation":[],"iscrowd":0},{"id":18,"image_id":16,"category_id":1,"bbox":[18,235,529.5,241.5],"area":127874.25,"segmentation":[],"iscrowd":0},{"id":19,"image_id":17,"category_id":1,"bbox":[202,16,312.5,146.5],"area":45781.25,"segmentation":[],"iscrowd":0},{"id":20,"image_id":17,"category_id":1,"bbox":[4,292,527,338.5],"area":178389.5,"segmentation":[],"iscrowd":0},{"id":21,"image_id":18,"category_id":1,"bbox":[216,430,231.5,117.5],"area":27201.25,"segmentation":[],"iscrowd":0},{"id":22,"image_id":18,"category_id":1,"bbox":[252,363,116.5,53.5],"area":6232.75,"segmentation":[],"iscrowd":0},{"id":23,"image_id":18,"category_id":1,"bbox":[221,326,56.5,27],"area":1525.5,"segmentation":[],"iscrowd":0},{"id":24,"image_id":18,"category_id":1,"bbox":[141,299,53,27],"area":1431,"segmentation":[],"iscrowd":0},{"id":25,"image_id":18,"category_id":1,"bbox":[216,312,57.5,14.5],"area":833.75,"segmentation":[],"iscrowd":0},{"id":26,"image_id":18,"category_id":1,"bbox":[201,295,70,17],"area":1190,"segmentation":[],"iscrowd":0},{"id":27,"image_id":18,"category_id":1,"bbox":[367,309,57.5,18],"area":1035,"segmentation":[],"iscrowd":0}]}